{"width":40,"height":20,"objects":[{"type":"deposit","x":0,"y":0,"subtype":0,"width":9,"height":4},{"type":"deposit","x":28,"y":0,"subtype":1,"width":12,"height":4},{"type":"deposit","x":0,"y":16,"subtype":2,"width":9,"height":4},{"type":"deposit","x":28,"y":16,"subtype":3,"width":12,"height":4},{"type":"obstacle","x":17,"y":2,"width":3,"height":14},{"type":"obstacle","x":2,"y":8,"width":15,"height":1},{"type":"obstacle","x":20,"y":8,"width":13,"height":1}],"products":[{"type":"product","subtype":0,"resources":[10,10,0,0,0,0,0,0],"points":15},{"type":"product","subtype":1,"resources":[0,5,5,5,0,0,0,0],"points":10},{"type":"product","subtype":2,"resources":[5,0,0,10,0,0,0,0],"points":15},{"type":"product","subtype":3,"resources":[1,1,1,1,0,0,0,0],"points":5}],"turns":100,"time":300}