[{"type":"factory","x":34,"y":6,"subtype":3},{"type":"mine","x":9,"y":2,"subtype":1},{"type":"conveyor","x":10,"y":5,"subtype":5},{"type":"conveyor","x":7,"y":7,"subtype":6},{"type":"conveyor","x":5,"y":6,"subtype":2},{"type":"conveyor","x":3,"y":7,"subtype":2},{"type":"conveyor","x":1,"y":8,"subtype":5},{"type":"conveyor","x":3,"y":10,"subtype":4},{"type":"conveyor","x":7,"y":10,"subtype":4},{"type":"conveyor","x":11,"y":10,"subtype":4},{"type":"conveyor","x":14,"y":11,"subtype":4},{"type":"conveyor","x":15,"y":10,"subtype":2},{"type":"conveyor","x":13,"y":9,"subtype":2},{"type":"conveyor","x":11,"y":10,"subtype":5},{"type":"conveyor","x":8,"y":12,"subtype":6},{"type":"conveyor","x":8,"y":13,"subtype":0},{"type":"conveyor","x":11,"y":13,"subtype":4},{"type":"conveyor","x":14,"y":12,"subtype":0},{"type":"conveyor","x":15,"y":14,"subtype":1},{"type":"conveyor","x":15,"y":17,"subtype":1},{"type":"conveyor","x":17,"y":18,"subtype":4},{"type":"conveyor","x":21,"y":18,"subtype":4},{"type":"conveyor","x":23,"y":15,"subtype":7},{"type":"conveyor","x":23,"y":11,"subtype":7},{"type":"conveyor","x":25,"y":10,"subtype":4},{"type":"conveyor","x":29,"y":10,"subtype":4},{"type":"conveyor","x":32,"y":11,"subtype":4},{"type":"mine","x":36,"y":4,"subtype":2},{"type":"conveyor","x":34,"y":5,"subtype":2},{"type":"conveyor","x":33,"y":7,"subtype":5},{"type":"mine","x":10,"y":15,"subtype":0},{"type":"conveyor","x":12,"y":13,"subtype":7},{"type":"mine","x":33,"y":13,"subtype":3},{"type":"conveyor","x":33,"y":11,"subtype":3},{"type":"mine","x":4,"y":4,"subtype":2},{"type":"conveyor","x":2,"y":5,"subtype":2},{"type":"conveyor","x":0,"y":6,"subtype":5},{"type":"conveyor","x":0,"y":10,"subtype":5},{"type":"conveyor","x":2,"y":12,"subtype":4},{"type":"conveyor","x":5,"y":11,"subtype":0},{"type":"mine","x":27,"y":4,"subtype":1},{"type":"conveyor","x":28,"y":7,"subtype":4},{"type":"conveyor","x":31,"y":6,"subtype":0},{"type":"mine","x":10,"y":17,"subtype":0},{"type":"conveyor","x":13,"y":16,"subtype":7},{"type":"mine","x":38,"y":13,"subtype":3},{"type":"conveyor","x":39,"y":10,"subtype":3}]